experiment,beta1,beta2,ema_window,omega1_mean,omega1_std,omega2_mean,omega2_std
resnet18_cifar100,0.9,0.9,1,14.699515002676312,0.02059253746311114,19.0544848409975,0.0171563814485649
resnet18_cifar100,0.9,0.968,1,3.8279913139536883,0.04238126327514907,4.509967300471902,0.056565532529215465
resnet18_cifar100,0.9,0.99,1,2.9545626170584125,0.025011632986511028,3.9532093103147936,0.04898844144347742
resnet18_cifar100,0.9,0.9968,1,3.066681197005609,0.06636435346786267,4.089381054610333,0.10730182804639085
resnet18_cifar100,0.9,0.999,1,2.820762016104578,0.19991356347156544,3.6428002130233192,0.3105149582696126
resnet18_cifar100,0.968,0.9,1,3.03534421716722,0.016694770399448472,5.825114169063205,0.030745219322666092
resnet18_cifar100,0.968,0.968,1,1.6821646114100577,0.005490928735051249,2.201531803109847,0.010606027761576613
resnet18_cifar100,0.968,0.99,1,1.375986037192874,0.002200610193196281,1.491047010525856,0.002451956115952878
resnet18_cifar100,0.968,0.9968,1,0.9637933965877802,0.008893834957338585,1.2452993351873092,0.015828988673359485
resnet18_cifar100,0.968,0.999,1,0.9527735788827968,0.0087874235120478,1.2515618904339878,0.01423317991684319
resnet18_cifar100,0.99,0.9,1,10.210686521656003,0.004790413463080205,1.9418083798034793,0.001502436324523534
resnet18_cifar100,0.99,0.968,1,0.27311990199042263,0.0007093786904782609,0.48084651681013924,0.0011019762321063484
resnet18_cifar100,0.99,0.99,1,0.22699680123602348,0.003287661153622963,0.3014647383863302,0.004733991065773245
resnet18_cifar100,0.99,0.9968,1,0.23139352276151523,0.002420949572321334,0.3082694858629547,0.004225156591462763
resnet18_cifar100,0.99,0.999,1,0.2261795135910162,0.003286801295188965,0.2970831489623338,0.004572423768407278
resnet18_cifar100,0.9968,0.9,1,9.744842561080572,0.0034592753132736097,1.0792796074548854,0.001189891675628084
resnet18_cifar100,0.9968,0.968,1,1.7848494524456173,0.0018653337548365408,0.11748761808369938,0.00021725023972128744
resnet18_cifar100,0.9968,0.99,1,0.03130258082729541,0.00030254389211528167,0.0335414432981006,0.0001963442483565612
resnet18_cifar100,0.9968,0.9968,1,0.044712386800718144,0.00014455040676241977,0.059197057106321026,0.00026396434122775953
resnet18_cifar100,0.9968,0.999,1,0.05420278486054415,0.0007316343895083079,0.07215207597346003,0.0009526802388393464
resnet18_cifar100,0.999,0.9,1,3.724629446739122,0.004193583522141852,0.7415001119240721,0.03559631172848653
resnet18_cifar100,0.999,0.968,1,1.670092689700202,0.0013920798658551125,0.10910007759980304,0.0009558487420245592
resnet18_cifar100,0.999,0.99,1,0.25680018553610345,7.174556497434338e-05,0.010071792526096255,3.673769188726213e-05
resnet18_cifar100,0.999,0.9968,1,0.014477892592413449,7.475725565556375e-05,0.00890930200725745,6.160036226984523e-05
resnet18_cifar100,0.999,0.999,1,0.013089620828009336,4.0841771542222734e-05,0.01353088418736976,8.727234112591761e-05
resnet18_cifar100,0.9,0.9,10,2.3166628772516646,0.0022458529186382527,2.9176745202087377,0.003902396272410747
resnet18_cifar100,0.9,0.968,10,1.0684575816982234,0.01543295724483673,0.7376238319929819,0.00788685812269238
resnet18_cifar100,0.9,0.99,10,0.9238026687839519,0.0036869013685477854,0.5623031772380415,0.004716289355294142
resnet18_cifar100,0.9,0.9968,10,1.0074544941221533,0.0187022045130656,0.5788268338913583,0.012752041658656224
resnet18_cifar100,0.9,0.999,10,0.950729905585896,0.03779511426547708,0.5318493299767278,0.039538976982604036
resnet18_cifar100,0.968,0.9,10,0.3486355015722598,0.00255220714813775,0.6049737915103662,0.0032321206986980207
resnet18_cifar100,0.968,0.968,10,0.3171350697617828,0.0018260409475918304,0.33157432068029385,0.0011420112521872711
resnet18_cifar100,0.968,0.99,10,0.4012321844145901,0.0019398257689539472,0.2642149000033004,0.0003029468677546425
resnet18_cifar100,0.968,0.9968,10,0.33790672692873064,0.002363127352489735,0.18149501455482345,0.0016560409909463427
resnet18_cifar100,0.968,0.999,10,0.3363837858828313,0.001981829079111412,0.17898270593301394,0.001732313816361663
resnet18_cifar100,0.99,0.9,10,7.708006721072787,0.0036439449058501545,1.3451501109470565,0.0006659491816946949
resnet18_cifar100,0.99,0.968,10,0.051034495244942156,0.0002148089145845251,0.053122185792023,0.0001480991292370746
resnet18_cifar100,0.99,0.99,10,0.06241048937988967,0.0012986258505070793,0.04377575407106852,0.0006274535288752155
resnet18_cifar100,0.99,0.9968,10,0.0805954195048888,0.0004197642373648069,0.043658007454122384,0.0005018153934968211
resnet18_cifar100,0.99,0.999,10,0.08477155365565453,0.0009144388142541179,0.042257814440787765,0.0006629486701947249
resnet18_cifar100,0.9968,0.9,10,8.941149597443006,0.002985490333239219,0.815239468069572,0.00038864146034415316
resnet18_cifar100,0.9968,0.968,10,1.7133715349967622,0.0017689710601446764,0.10093061952362163,0.00011653048185236116
resnet18_cifar100,0.9968,0.99,10,0.01604410078093668,0.0001864780376465261,0.005091015650110196,3.419762101404628e-05
resnet18_cifar100,0.9968,0.9968,10,0.017173970672368626,6.015060203358669e-05,0.00825982841418989,3.384742799426156e-05
resnet18_cifar100,0.9968,0.999,10,0.02133773993132061,0.00038681022191551224,0.010034397680423362,0.00012722693180496682
resnet18_cifar100,0.999,0.9,10,3.300736617295776,0.008968755203110973,0.3418119551701137,0.0019453521366978076
resnet18_cifar100,0.999,0.968,10,1.61851930247707,0.0014682978001771217,0.08020529330588698,5.32154493537291e-05
resnet18_cifar100,0.999,0.99,10,0.2553410213604515,7.839322710015378e-05,0.004551548762393171,8.386298460889086e-07
resnet18_cifar100,0.999,0.9968,10,0.010354146370215199,6.108092384446284e-05,0.0017203290090821582,8.749494778127706e-06
resnet18_cifar100,0.999,0.999,10,0.007162603378657897,1.4650702942747253e-05,0.002058044206596639,1.1456617305750313e-05
resnet18_cifar100,0.9,0.9,100,0.24867117065332978,0.00048559667974566625,0.29395044937067905,0.0004103848199868992
resnet18_cifar100,0.9,0.968,100,0.17214193115091414,0.003611003435294681,0.07645422310501494,0.0008434373709605533
resnet18_cifar100,0.9,0.99,100,0.18572087077208646,0.0014955259895116158,0.05898287099546943,0.000494575255676382
resnet18_cifar100,0.9,0.9968,100,0.2482400135494056,0.005255090498472382,0.061137597820806876,0.0013094517385309216
resnet18_cifar100,0.9,0.999,100,0.23952549706343138,0.0076031234270664645,0.05617004771982673,0.0040051262933997476
resnet18_cifar100,0.968,0.9,100,0.0521834125971084,0.000386481354269324,0.06068121512786204,0.00033053233011520527
resnet18_cifar100,0.968,0.968,100,0.04752040557474237,0.0005472135139464381,0.03362311446906241,0.00010972959172990214
resnet18_cifar100,0.968,0.99,100,0.07515290656878158,0.0006389493767201733,0.027468233490853703,4.43400063279867e-05
resnet18_cifar100,0.968,0.9968,100,0.08131910753305087,0.0005143014155946427,0.019208196748849164,0.0001771248652074469
resnet18_cifar100,0.968,0.999,100,0.08940464288785505,0.0013389796056069959,0.01896385039187841,0.00017536436182411912
resnet18_cifar100,0.99,0.9,100,1.233450400059669,0.0005005865996573746,0.20355249494036828,9.536981254011214e-05
resnet18_cifar100,0.99,0.968,100,0.017586622556780153,0.00022615388055599264,0.005427484083038253,1.4470190693674302e-05
resnet18_cifar100,0.99,0.99,100,0.013990468653346537,0.00025309417965724084,0.004530229126020736,6.570935644914375e-05
resnet18_cifar100,0.99,0.9968,100,0.021413459094497666,0.00035594672099620767,0.004608038118853861,5.012356456925717e-05
resnet18_cifar100,0.99,0.999,100,0.023766498158401234,0.0006951241360119008,0.004499203746504216,6.645708141467661e-05
resnet18_cifar100,0.9968,0.9,100,3.1044181013028713,0.0011984220609241477,0.1885819487372226,6.744961388642574e-05
resnet18_cifar100,0.9968,0.968,100,0.6846229180726606,0.0006266536998084569,0.032551919019805614,3.705410984960543e-05
resnet18_cifar100,0.9968,0.99,100,0.00895668750041361,7.225354353641492e-05,0.000586969607428726,4.27223138474868e-06
resnet18_cifar100,0.9968,0.9968,100,0.005486246838804357,8.508474043625856e-05,0.0008855958999016625,2.4965472828202273e-06
resnet18_cifar100,0.9968,0.999,100,0.006701058557548119,0.00016070722099845622,0.0010758772879311494,1.4346150686502343e-05
resnet18_cifar100,0.999,0.9,100,1.4353446108322254,0.0040199610138743,0.06786729831323424,5.24521996107729e-05
resnet18_cifar100,0.999,0.968,100,0.8571686618282285,0.0009544858196119658,0.028101761772805784,1.6801531060038373e-05
resnet18_cifar100,0.999,0.99,100,0.20982141087440245,8.256186678460228e-05,0.0027233748504841963,9.918363431551188e-07
resnet18_cifar100,0.999,0.9968,100,0.005826106353822267,5.155670315791634e-05,0.0002468788248770031,6.750108675539212e-07
resnet18_cifar100,0.999,0.999,100,0.0029400251924261694,9.900305371950918e-06,0.00025053317556891585,7.992060788456865e-07
resnet18_cifar100,0.9,0.9,200,0.12632898124334582,0.00022006310546544987,0.14698633074740425,0.0002056905240327606
resnet18_cifar100,0.9,0.968,200,0.09150257055342463,0.0017897250797232732,0.03825806193390749,0.0004233354859729501
resnet18_cifar100,0.9,0.99,200,0.10319841795719457,0.0007121227275683394,0.02952787122403072,0.00024903559433799466
resnet18_cifar100,0.9,0.9968,200,0.14431925770847762,0.002838524245624182,0.030640272935304278,0.0006584728326620415
resnet18_cifar100,0.9,0.999,200,0.15116006993495582,0.004753164159417295,0.028161191987667828,0.002003626273797833
resnet18_cifar100,0.968,0.9,200,0.029970688682293384,0.0001019800747633124,0.03035005140085355,0.00016597170080988013
resnet18_cifar100,0.968,0.968,200,0.026399212672683223,0.00029825344770799677,0.01681750181633265,5.484070995492204e-05
resnet18_cifar100,0.968,0.99,200,0.04334168761933366,0.00030199023178204833,0.01374992881456695,2.241422152717021e-05
resnet18_cifar100,0.968,0.9968,200,0.048682962716997284,0.00023175865605922942,0.009625691947468052,8.886835593669436e-05
resnet18_cifar100,0.968,0.999,200,0.05660644605025412,0.000812388579895879,0.009508805791566868,8.795714793737523e-05
resnet18_cifar100,0.99,0.9,200,0.6237807686630142,0.0002549904432943145,0.10213729892231466,4.716702741380068e-05
resnet18_cifar100,0.99,0.968,200,0.012591108079535314,0.00017786972483306552,0.002723020096123239,7.165469475009353e-06
resnet18_cifar100,0.99,0.99,200,0.008747216169402083,0.00011587218251467224,0.0022680148440687212,3.277504429840225e-05
resnet18_cifar100,0.99,0.9968,200,0.013739342626358913,0.00024313846438511785,0.002309848666380026,2.4763312428408682e-05
resnet18_cifar100,0.99,0.999,200,0.015380723294393725,0.000524888503608691,0.002256638776856342,3.3118657942181996e-05
resnet18_cifar100,0.9968,0.9,200,1.6458843395053797,0.0006933581071569574,0.09700338822575573,3.333883042130839e-05
resnet18_cifar100,0.9968,0.968,200,0.37339676901612767,0.0003379990316102887,0.01729876205340422,1.897506199673376e-05
resnet18_cifar100,0.9968,0.99,200,0.007255653897607753,5.0662132715570525e-05,0.0003012906362934499,2.3612723246261595e-06
resnet18_cifar100,0.9968,0.9968,200,0.0037580062910541993,7.78699123951629e-05,0.00044506585918996784,1.3558856604674445e-06
resnet18_cifar100,0.9968,0.999,200,0.004587624221234418,0.000103406049087276,0.0005400427855196012,7.261820421601332e-06
resnet18_cifar100,0.999,0.9,200,0.8605881957938375,0.0023385590741107462,0.035802682769931794,2.689217084614306e-05
resnet18_cifar100,0.999,0.968,200,0.5543253227696658,0.000610470302950546,0.015475430469439564,1.1331101411238867e-05
resnet18_cifar100,0.999,0.99,200,0.1650343481945813,6.96803264366647e-05,0.0018389100768145862,7.0368748704766e-07
resnet18_cifar100,0.999,0.9968,200,0.004974520877913898,5.7197650547653414e-05,0.0001321199161739401,2.886146992584417e-07
resnet18_cifar100,0.999,0.999,200,0.002202088817247653,2.84736500482849e-05,0.00012783714541397673,3.478136981455408e-07
resnet18_cifar100,0.9,0.9,500,0.051549299664431114,4.35745250530403e-05,0.058795946139357846,8.231445635503048e-05
resnet18_cifar100,0.9,0.968,500,0.03839104261198442,0.0006586385335363072,0.015307278197690061,0.00016960917290863235
resnet18_cifar100,0.9,0.99,500,0.044907587134077144,0.00023780597698842493,0.011814832287324226,9.989183993635367e-05
resnet18_cifar100,0.9,0.9968,500,0.06504543199653319,0.0011337765777754039,0.012265099441375405,0.0002646140319072541
resnet18_cifar100,0.9,0.999,500,0.07439578865065347,0.002380309375570909,0.011278984134995442,0.0008006145145814178
resnet18_cifar100,0.968,0.9,500,0.013956539945541661,2.0408221318513184e-05,0.012141581067747707,6.668949572894835e-05
resnet18_cifar100,0.968,0.968,500,0.011690396842518139,8.493230252147633e-05,0.006728041753365235,2.1939203554040378e-05
resnet18_cifar100,0.968,0.99,500,0.01949835778336068,7.19053348765992e-05,0.00550267487030356,8.978326186356652e-06
resnet18_cifar100,0.968,0.9968,500,0.023007985049735006,0.00023336958857392108,0.0038540706253419143,3.5526160265152134e-05
resnet18_cifar100,0.968,0.999,500,0.028793681865104292,0.00033020383220798617,0.003809092721543982,3.524701801260079e-05
resnet18_cifar100,0.99,0.9,500,0.25200747718432787,9.725498958963218e-05,0.04086576502172047,1.9043024937370125e-05
resnet18_cifar100,0.99,0.968,500,0.006927127524344159,8.319952820816352e-05,0.0010915892531632495,2.8600970971146293e-06
resnet18_cifar100,0.99,0.99,500,0.004465733257742092,4.063802929950278e-05,0.0009077612695819797,1.3109378067530349e-05
resnet18_cifar100,0.99,0.9968,500,0.007166588791617899,0.00010992369137856095,0.0009251010838933234,9.7730354091626e-06
resnet18_cifar100,0.99,0.999,500,0.008193408351352443,0.00025026147077680664,0.0009041559497910078,1.3213535696354745e-05
resnet18_cifar100,0.9968,0.9,500,0.6692872344712918,0.0002916878111414223,0.039056519841319366,1.3082181811244219e-05
resnet18_cifar100,0.9968,0.968,500,0.1554555312552921,0.00011098265767457813,0.007080193002325483,7.583709154181427e-06
resnet18_cifar100,0.9968,0.99,500,0.0045220622241939875,3.3618057780146365e-05,0.000123650584915534,1.1239488215378582e-06
resnet18_cifar100,0.9968,0.9968,500,0.002061260798153896,5.468840348384604e-05,0.00017858889895852741,5.79001075315796e-07
resnet18_cifar100,0.9968,0.999,500,0.0027802615166145988,4.290949123537612e-05,0.0002164917611899422,2.929622734921339e-06
resnet18_cifar100,0.999,0.9,500,0.37334935855182566,0.0008759064462496632,0.014730866925606267,1.4835045074113676e-05
resnet18_cifar100,0.999,0.968,500,0.2709684746461219,0.00026178324012650567,0.0065302898736681915,5.631018824832991e-06
resnet18_cifar100,0.999,0.99,500,0.09558994241945436,5.2824339653980195e-05,0.0009096246630426235,3.5448567957079527e-07
resnet18_cifar100,0.999,0.9968,500,0.003870832463470414,5.783538880958343e-05,5.63625047416237e-05,1.2268735360751157e-07
resnet18_cifar100,0.999,0.999,500,0.0014970140049093037,3.163955770123147e-05,5.202958867625068e-05,1.2999630141324035e-07
