experiment,metric,beta1,beta2,mean,std,n
EfficientNet-B0_TinyImageNet,omega1_updates_norm_w200,0.9,0.9,0.11901945733369322,0.0009550103605682446,3
EfficientNet-B0_TinyImageNet,omega1_updates_norm_w200,0.9,0.99,0.2224659442691974,0.010047126853960503,3
EfficientNet-B0_TinyImageNet,omega1_updates_norm_w200,0.9,0.999,0.25207337026404353,0.005421452871071035,3
EfficientNet-B0_TinyImageNet,omega1_updates_norm_w200,0.99,0.9,314679.23173688754,444966.5892762335,3
EfficientNet-B0_TinyImageNet,omega1_updates_norm_w200,0.99,0.99,0.059414657374903375,0.000695931689383195,3
EfficientNet-B0_TinyImageNet,omega1_updates_norm_w200,0.99,0.999,0.07629275798861596,0.0010502639402937214,3
EfficientNet-B0_TinyImageNet,omega1_updates_norm_w200,0.999,0.9,4671879.716806612,3814307.3448922234,3
EfficientNet-B0_TinyImageNet,omega1_updates_norm_w200,0.999,0.99,234271.7185191987,148264.201717628,3
EfficientNet-B0_TinyImageNet,omega1_updates_norm_w200,0.999,0.999,0.04977901740475419,4.886375208008215e-05,3
EfficientNet-B0_TinyImageNet,min_val_loss,0.9,0.9,2.294563237016115,0.003886784151972012,3
EfficientNet-B0_TinyImageNet,min_val_loss,0.9,0.99,2.2530013773345137,0.0032822084709752367,3
EfficientNet-B0_TinyImageNet,min_val_loss,0.9,0.999,2.2987967549868706,0.010012412598128873,3
EfficientNet-B0_TinyImageNet,min_val_loss,0.99,0.9,2.5228544729277336,0.2155051104475513,3
EfficientNet-B0_TinyImageNet,min_val_loss,0.99,0.99,2.2798977735948665,0.00934063219613868,3
EfficientNet-B0_TinyImageNet,min_val_loss,0.99,0.999,2.3075773999442974,0.0037507215119485697,3
EfficientNet-B0_TinyImageNet,min_val_loss,0.999,0.9,5.075640613612602,0.09807824186206307,3
EfficientNet-B0_TinyImageNet,min_val_loss,0.999,0.99,3.530649841717601,0.2594928498876713,3
EfficientNet-B0_TinyImageNet,min_val_loss,0.999,0.999,2.373496151274177,0.002941880604208196,3
EfficientNet-B0_TinyImageNet,omega1_updates_norm_w200,0.9,0.9,0.14986744868103516,0.0014908557078296043,3
EfficientNet-B0_TinyImageNet,omega1_updates_norm_w200,0.9,0.99,0.24769274719789572,0.008521712109041036,3
EfficientNet-B0_TinyImageNet,omega1_updates_norm_w200,0.9,0.999,0.27290527408606463,0.008042191840743253,3
EfficientNet-B0_TinyImageNet,omega1_updates_norm_w200,0.99,0.9,308.05066515573054,205.02349822901243,3
EfficientNet-B0_TinyImageNet,omega1_updates_norm_w200,0.99,0.99,0.09501155114833082,0.00033508836032418665,3
EfficientNet-B0_TinyImageNet,omega1_updates_norm_w200,0.99,0.999,0.10792511305989838,0.0024385050940080154,3
EfficientNet-B0_TinyImageNet,omega1_updates_norm_w200,0.999,0.9,10738606.726085508,14567906.87760317,3
EfficientNet-B0_TinyImageNet,omega1_updates_norm_w200,0.999,0.99,125.82005917244123,123.07607986630391,3
EfficientNet-B0_TinyImageNet,omega1_updates_norm_w200,0.999,0.999,0.08433494790954843,0.00018655054401323833,3
EfficientNet-B0_TinyImageNet,min_val_loss,0.9,0.9,2.4625656647793552,0.006685232724881181,3
EfficientNet-B0_TinyImageNet,min_val_loss,0.9,0.99,2.3772434413812724,0.006565546603184905,3
EfficientNet-B0_TinyImageNet,min_val_loss,0.9,0.999,2.4069831444705874,0.01001396431818712,3
EfficientNet-B0_TinyImageNet,min_val_loss,0.99,0.9,3.00195915860988,0.44312501922780045,3
EfficientNet-B0_TinyImageNet,min_val_loss,0.99,0.99,2.419191274926414,0.005073436012706732,3
EfficientNet-B0_TinyImageNet,min_val_loss,0.99,0.999,2.443993643337501,0.006021574095591749,3
EfficientNet-B0_TinyImageNet,min_val_loss,0.999,0.9,5.158695317124612,0.022933893946895736,3
EfficientNet-B0_TinyImageNet,min_val_loss,0.999,0.99,3.781818337754333,0.18822756067853386,3
EfficientNet-B0_TinyImageNet,min_val_loss,0.999,0.999,2.687163027481921,0.019357859020698264,3
NanoGPT_SlimPajama,omega1_updates_norm_w200,0.9,0.9,0.49883773159792294,0.0,1
NanoGPT_SlimPajama,omega1_updates_norm_w200,0.9,0.99,0.8467355443973213,0.0,1
NanoGPT_SlimPajama,omega1_updates_norm_w200,0.9,0.999,1.1693858060486044,0.0,1
NanoGPT_SlimPajama,omega1_updates_norm_w200,0.99,0.9,0.34038813854750527,0.0,1
NanoGPT_SlimPajama,omega1_updates_norm_w200,0.99,0.99,0.19471696091272042,0.0,1
NanoGPT_SlimPajama,omega1_updates_norm_w200,0.99,0.999,0.24891684751228643,0.0,1
NanoGPT_SlimPajama,omega1_updates_norm_w200,0.999,0.9,0.33719087581181395,0.0,1
NanoGPT_SlimPajama,omega1_updates_norm_w200,0.999,0.99,0.07359418079516444,0.0,1
NanoGPT_SlimPajama,omega1_updates_norm_w200,0.999,0.999,0.059212441918406175,0.0,1
NanoGPT_SlimPajama,min_val_loss,0.9,0.9,5.77888656258583,0.0,1
NanoGPT_SlimPajama,min_val_loss,0.9,0.99,5.074747085571289,0.0,1
NanoGPT_SlimPajama,min_val_loss,0.9,0.999,4.749202132225037,0.0,1
NanoGPT_SlimPajama,min_val_loss,0.99,0.9,4.837151010334492,0.0,1
NanoGPT_SlimPajama,min_val_loss,0.99,0.99,4.92991787046194,0.0,1
NanoGPT_SlimPajama,min_val_loss,0.99,0.999,4.770005897432566,0.0,1
NanoGPT_SlimPajama,min_val_loss,0.999,0.9,4.533708049356937,0.0,1
NanoGPT_SlimPajama,min_val_loss,0.999,0.99,4.719768276810646,0.0,1
NanoGPT_SlimPajama,min_val_loss,0.999,0.999,4.677712173759938,0.0,1
NanoGPT_WikiText,omega1_updates_norm_w200,0.9,0.9,0.7115441400538861,0.04366789595105973,3
NanoGPT_WikiText,omega1_updates_norm_w200,0.9,0.99,1.1304489679842151,0.024534736366520028,3
NanoGPT_WikiText,omega1_updates_norm_w200,0.9,0.999,1.22210250243112,0.05145658347265682,3
NanoGPT_WikiText,omega1_updates_norm_w200,0.99,0.9,0.6034659777668775,0.002806920853415014,3
NanoGPT_WikiText,omega1_updates_norm_w200,0.99,0.99,0.36539443958445617,0.005562253710951536,3
NanoGPT_WikiText,omega1_updates_norm_w200,0.99,0.999,0.392559638396253,0.003913728421249627,3
NanoGPT_WikiText,omega1_updates_norm_w200,0.999,0.9,0.995976878091461,0.06104711137947057,3
NanoGPT_WikiText,omega1_updates_norm_w200,0.999,0.99,0.4402125611240548,0.0015277569684386606,3
NanoGPT_WikiText,omega1_updates_norm_w200,0.999,0.999,0.1837203852927188,0.0007155052840857587,3
NanoGPT_WikiText,min_val_loss,0.9,0.9,5.423097673009654,0.0018486730335866945,3
NanoGPT_WikiText,min_val_loss,0.9,0.99,5.192781688085671,0.002839118710276395,3
NanoGPT_WikiText,min_val_loss,0.9,0.999,5.321997405401344,0.003716832550812471,3
NanoGPT_WikiText,min_val_loss,0.99,0.9,4.974814868364178,0.004687697000357052,3
NanoGPT_WikiText,min_val_loss,0.99,0.99,5.229692274104051,0.006911100751684501,3
NanoGPT_WikiText,min_val_loss,0.99,0.999,5.362652458128381,0.010982161744008094,3
NanoGPT_WikiText,min_val_loss,0.999,0.9,5.470781021430844,0.014046977434851159,3
NanoGPT_WikiText,min_val_loss,0.999,0.99,5.431980706303498,0.03034866783375574,3
NanoGPT_WikiText,min_val_loss,0.999,0.999,5.576465036048265,0.024157545542928628,3
ResNet18_CIFAR-100,omega1_updates_norm_w200,0.9,0.9,0.08776814753877347,0.0012777455431370098,3
ResNet18_CIFAR-100,omega1_updates_norm_w200,0.9,0.95,0.0984419077432823,0.0002708293370876274,3
ResNet18_CIFAR-100,omega1_updates_norm_w200,0.9,0.99,0.13584276779787938,0.00037700775654015767,3
ResNet18_CIFAR-100,omega1_updates_norm_w200,0.9,0.999,0.12837904777645912,0.003988968448037251,3
ResNet18_CIFAR-100,omega1_updates_norm_w200,0.95,0.9,0.06147108297719034,0.001199061027561903,3
ResNet18_CIFAR-100,omega1_updates_norm_w200,0.95,0.95,0.06620862203061607,0.0001479609988254008,3
ResNet18_CIFAR-100,omega1_updates_norm_w200,0.95,0.99,0.09461246215407253,0.0007341032510486551,3
ResNet18_CIFAR-100,omega1_updates_norm_w200,0.95,0.999,0.11440410869707011,0.0016997958486258467,3
ResNet18_CIFAR-100,omega1_updates_norm_w200,0.99,0.9,0.5736026924272861,0.0011693821108659014,3
ResNet18_CIFAR-100,omega1_updates_norm_w200,0.99,0.95,0.06261003091812732,0.00023399422984943087,3
ResNet18_CIFAR-100,omega1_updates_norm_w200,0.99,0.99,0.050712309033714466,6.858585828634097e-05,3
ResNet18_CIFAR-100,omega1_updates_norm_w200,0.99,0.999,0.060775569625875485,0.0003799765211110644,3
ResNet18_CIFAR-100,omega1_updates_norm_w200,0.999,0.9,0.9701352135822437,0.0014539846682780164,3
ResNet18_CIFAR-100,omega1_updates_norm_w200,0.999,0.95,0.7100641874656558,0.0018630457817091553,3
ResNet18_CIFAR-100,omega1_updates_norm_w200,0.999,0.99,0.17141871454938717,8.916118427057937e-05,3
ResNet18_CIFAR-100,omega1_updates_norm_w200,0.999,0.999,0.046461962448905325,1.5051947154008609e-05,3
ResNet18_CIFAR-100,min_val_loss,0.9,0.9,1.4935316152380278,0.0037461745667590166,3
ResNet18_CIFAR-100,min_val_loss,0.9,0.95,1.4750314614322282,0.004500784459449607,3
ResNet18_CIFAR-100,min_val_loss,0.9,0.99,1.4733454168728708,0.016351209761516675,3
ResNet18_CIFAR-100,min_val_loss,0.9,0.999,1.4620784195871617,0.005017957419117571,3
ResNet18_CIFAR-100,min_val_loss,0.95,0.9,1.4920967543960375,0.009084809674669498,3
ResNet18_CIFAR-100,min_val_loss,0.95,0.95,1.4905243145179343,0.005303171637195808,3
ResNet18_CIFAR-100,min_val_loss,0.95,0.99,1.4688600756053967,0.011600322297973519,3
ResNet18_CIFAR-100,min_val_loss,0.95,0.999,1.4675884275932474,0.008554707309072145,3
ResNet18_CIFAR-100,min_val_loss,0.99,0.9,1.5441322519014848,0.006578989879651288,3
ResNet18_CIFAR-100,min_val_loss,0.99,0.95,1.492550984309737,0.008837695618600915,3
ResNet18_CIFAR-100,min_val_loss,0.99,0.99,1.478417878444534,0.008394975159583207,3
ResNet18_CIFAR-100,min_val_loss,0.99,0.999,1.4823275553952355,0.0032664716623558047,3
ResNet18_CIFAR-100,min_val_loss,0.999,0.9,1.691086014364935,0.020890927987195954,3
ResNet18_CIFAR-100,min_val_loss,0.999,0.95,1.622565269596764,0.01143224896376814,3
ResNet18_CIFAR-100,min_val_loss,0.999,0.99,1.546728418258092,0.005440726786362804,3
ResNet18_CIFAR-100,min_val_loss,0.999,0.999,1.5482549734429443,0.013691431202994334,3
T5_SQuAD,omega1_updates_norm_w200,0.9,0.9,0.39386346472102507,0.0013625803398937444,3
T5_SQuAD,omega1_updates_norm_w200,0.9,0.99,0.3664840593812227,0.03579800511120334,3
T5_SQuAD,omega1_updates_norm_w200,0.9,0.999,0.5898813308704192,0.014757393024943426,3
T5_SQuAD,omega1_updates_norm_w200,0.99,0.9,1.1740927010332072,0.230404128002966,3
T5_SQuAD,omega1_updates_norm_w200,0.99,0.99,0.049521217003527886,0.0037535646421888802,3
T5_SQuAD,omega1_updates_norm_w200,0.99,0.999,0.08146359906807676,0.0036307588791383814,3
T5_SQuAD,omega1_updates_norm_w200,0.999,0.9,1.7631734639786434,0.008907228169226044,3
T5_SQuAD,omega1_updates_norm_w200,0.999,0.99,1.1457755169096908,0.0900370967500159,3
T5_SQuAD,omega1_updates_norm_w200,0.999,0.999,0.020015750093283807,5.6114162816673973e-05,3
T5_SQuAD,min_val_loss,0.9,0.9,0.8104444047416393,0.001143532842068139,3
T5_SQuAD,min_val_loss,0.9,0.99,0.8030672270693806,0.00043128731487078903,3
T5_SQuAD,min_val_loss,0.9,0.999,0.7973925189814421,0.0002846890652284194,3
T5_SQuAD,min_val_loss,0.99,0.9,0.7704244878366627,0.002083562974450012,3
T5_SQuAD,min_val_loss,0.99,0.99,0.8021314797441104,0.0002097009672192494,3
T5_SQuAD,min_val_loss,0.99,0.999,0.7983982004394329,0.0008895502665441648,3
T5_SQuAD,min_val_loss,0.999,0.9,0.7731324197725401,0.004160732496914629,3
T5_SQuAD,min_val_loss,0.999,0.99,0.7569108553685387,0.0022444845781184096,3
T5_SQuAD,min_val_loss,0.999,0.999,0.799952870703561,0.0005252525034907609,3
T5_SQuAD,omega1_updates_norm_w200,0.9,0.9,0.2901283287522379,0.008906748151740952,3
T5_SQuAD,omega1_updates_norm_w200,0.9,0.99,0.43581362502623033,0.00284823398521635,3
T5_SQuAD,omega1_updates_norm_w200,0.9,0.999,0.6644267320066507,0.03237323758967531,3
T5_SQuAD,omega1_updates_norm_w200,0.99,0.9,0.5937780373622165,0.04486000597560647,3
T5_SQuAD,omega1_updates_norm_w200,0.99,0.99,0.10634738760711053,0.002647572000683418,3
T5_SQuAD,omega1_updates_norm_w200,0.99,0.999,0.1422470129791644,0.0049971038874123555,3
T5_SQuAD,omega1_updates_norm_w200,0.999,0.9,1.5602841658001685,0.02631838135632453,3
T5_SQuAD,omega1_updates_norm_w200,0.999,0.99,0.712512705542645,0.06328574787073411,3
T5_SQuAD,omega1_updates_norm_w200,0.999,0.999,0.09055257679761908,0.00035810212655160406,3
T5_SQuAD,min_val_loss,0.9,0.9,0.8355219063137255,7.77837786541638e-05,3
T5_SQuAD,min_val_loss,0.9,0.99,0.8277042985293099,0.0005676258067982542,3
T5_SQuAD,min_val_loss,0.9,0.999,0.8220194499870171,0.00010632442129351886,3
T5_SQuAD,min_val_loss,0.99,0.9,0.8386985339333298,0.0028136695475865668,3
T5_SQuAD,min_val_loss,0.99,0.99,0.8288417100996547,0.001668027850023557,3
T5_SQuAD,min_val_loss,0.99,0.999,0.8173634846945094,0.00043957342040595854,3
T5_SQuAD,min_val_loss,0.999,0.9,0.7748633983215778,0.002309480065070923,3
T5_SQuAD,min_val_loss,0.999,0.99,0.7899668070624347,0.052567596914722944,3
T5_SQuAD,min_val_loss,0.999,0.999,0.821959946336496,0.0014032541927765736,3
ViT-B_16_CIFAR-100,omega1_updates_norm_w200,0.9,0.9,0.8064608563971353,0.011469510520340044,3
ViT-B_16_CIFAR-100,omega1_updates_norm_w200,0.9,0.99,1.1409033088776088,0.02255159625584212,3
ViT-B_16_CIFAR-100,omega1_updates_norm_w200,0.9,0.999,1.1622938077534626,0.010237418315906768,3
ViT-B_16_CIFAR-100,omega1_updates_norm_w200,0.99,0.9,471.67874574920353,0.0,1
ViT-B_16_CIFAR-100,omega1_updates_norm_w200,0.99,0.99,0.6839764308536701,0.002124772692438414,3
ViT-B_16_CIFAR-100,omega1_updates_norm_w200,0.99,0.999,0.7038494096301976,0.003072241370079115,3
ViT-B_16_CIFAR-100,omega1_updates_norm_w200,0.999,0.9,nan,nan,0
ViT-B_16_CIFAR-100,omega1_updates_norm_w200,0.999,0.99,194.4982766610527,198.8686314069635,3
ViT-B_16_CIFAR-100,omega1_updates_norm_w200,0.999,0.999,0.6762978060561511,0.0010705204454303345,3
ViT-B_16_CIFAR-100,min_val_loss,0.9,0.9,1.6899532417456309,0.01937623121459122,3
ViT-B_16_CIFAR-100,min_val_loss,0.9,0.99,1.6773383672038715,0.004382778701766762,3
ViT-B_16_CIFAR-100,min_val_loss,0.9,0.999,1.7026259000102677,0.011709934189383875,3
ViT-B_16_CIFAR-100,min_val_loss,0.99,0.9,2.526228606700897,0.5430134502316003,3
ViT-B_16_CIFAR-100,min_val_loss,0.99,0.99,1.6640921533107758,0.012259378903539231,3
ViT-B_16_CIFAR-100,min_val_loss,0.99,0.999,1.69779159228007,0.01018461899385944,3
ViT-B_16_CIFAR-100,min_val_loss,0.999,0.9,4.251899758974711,0.18216536689838708,3
ViT-B_16_CIFAR-100,min_val_loss,0.999,0.99,2.6398271143436434,0.08382191220077431,3
ViT-B_16_CIFAR-100,min_val_loss,0.999,0.999,1.90463891128699,0.01416854537091035,3
