experiment,source_file,metric,ema_window,n_beta1,n_beta2,n_seeds,diag_mean,diag_std,offdiag_mean,offdiag_std,diag_over_off,n_success,n_trials,rate,p0,p_value
EfficientNet-B0_TinyImageNet,EfficientNet-B0_TinyImageNet.pkl,omega1_updates_norm,1,3,3,3,1.9686423068229273,2.4757297486279413,1034956.9073210502,2720818.767422768,1.902149058474994e-06,9,9,1.0,0.3333333333333333,5.0805263425290837e-05
EfficientNet-B0_TinyImageNet,EfficientNet-B0_TinyImageNet.pkl,omega2_updates_norm,1,3,3,3,2.8364428331685176,3.6463863686590128,53947.464051054376,130777.88983311062,5.257787151003404e-05,9,9,1.0,0.3333333333333333,5.0805263425290837e-05
EfficientNet-B0_TinyImageNet,EfficientNet-B0_TinyImageNet.pkl,omega1_updates_norm,10,3,3,3,0.510163860542314,0.5747051652851395,1031092.4683298285,2716006.945467348,4.947799312012058e-07,9,9,1.0,0.3333333333333333,5.0805263425290837e-05
EfficientNet-B0_TinyImageNet,EfficientNet-B0_TinyImageNet.pkl,omega2_updates_norm,10,3,3,3,0.3798434735235332,0.4849140239758578,16573.070503082323,40162.99657604184,2.2919318025762848e-05,9,9,1.0,0.3333333333333333,5.0805263425290837e-05
EfficientNet-B0_TinyImageNet,EfficientNet-B0_TinyImageNet.pkl,omega1_updates_norm,100,3,3,3,0.10725728505811345,0.06605863163378263,955671.0816578022,2534751.9572702567,1.1223242715689825e-07,9,9,1.0,0.3333333333333333,5.0805263425290837e-05
EfficientNet-B0_TinyImageNet,EfficientNet-B0_TinyImageNet.pkl,omega2_updates_norm,100,3,3,3,0.039286255694180844,0.049464662291039276,8659.780545547523,22456.582045371102,4.536634096851346e-06,9,9,1.0,0.3333333333333333,5.0805263425290837e-05
EfficientNet-B0_TinyImageNet,EfficientNet-B0_TinyImageNet.pkl,omega1_updates_norm,200,3,3,3,0.07607104403778359,0.0306304360570926,870138.536315795,2316838.289975683,8.742406049486297e-08,9,9,1.0,0.3333333333333333,5.0805263425290837e-05
EfficientNet-B0_TinyImageNet,EfficientNet-B0_TinyImageNet.pkl,omega2_updates_norm,200,3,3,3,0.01968293699610323,0.024704919174035354,6298.829231496,16555.679352260537,3.1248564253310363e-06,9,9,1.0,0.3333333333333333,5.0805263425290837e-05
EfficientNet-B0_TinyImageNet,EfficientNet-B0_TinyImageNet.pkl,omega1_updates_norm,500,3,3,3,0.05634047136083357,0.009442289524295183,706964.5965733861,1894638.768677543,7.969348342747624e-08,9,9,1.0,0.3333333333333333,5.0805263425290837e-05
EfficientNet-B0_TinyImageNet,EfficientNet-B0_TinyImageNet.pkl,omega2_updates_norm,500,3,3,3,0.007885885312252934,0.009866211350473327,3499.606398865408,9277.611540520207,2.2533634967662595e-06,9,9,1.0,0.3333333333333333,5.0805263425290837e-05
EfficientNet-B0_TinyImageNet,EfficientNet-B0_TinyImageNet_15.pkl,omega1_updates_norm,1,3,3,3,2.055997340061098,2.5022430244475733,2143478.638703561,8405961.860658329,9.591872309511914e-07,9,9,1.0,0.3333333333333333,5.0805263425290837e-05
EfficientNet-B0_TinyImageNet,EfficientNet-B0_TinyImageNet_15.pkl,omega2_updates_norm,1,3,3,3,2.920487674054785,3.6772547068699635,215854.80326812423,648275.9113825473,1.3529871144109305e-05,9,9,1.0,0.3333333333333333,5.0805263425290837e-05
EfficientNet-B0_TinyImageNet,EfficientNet-B0_TinyImageNet_15.pkl,omega1_updates_norm,10,3,3,3,0.5663639064703814,0.5888649938626694,2126590.9512363393,8401309.832171347,2.663247984484809e-07,9,9,1.0,0.3333333333333333,5.0805263425290837e-05
EfficientNet-B0_TinyImageNet,EfficientNet-B0_TinyImageNet_15.pkl,omega2_updates_norm,10,3,3,3,0.39385164613495,0.4908516042538657,53072.355481470455,171184.21436924275,7.42103195838855e-06,9,9,1.0,0.3333333333333333,5.0805263425290837e-05
EfficientNet-B0_TinyImageNet,EfficientNet-B0_TinyImageNet_15.pkl,omega1_updates_norm,100,3,3,3,0.14357090338388914,0.06562721879266765,1959654.2950517002,7830605.242983025,7.326338311120402e-08,9,9,1.0,0.3333333333333333,5.0805263425290837e-05
EfficientNet-B0_TinyImageNet,EfficientNet-B0_TinyImageNet_15.pkl,omega2_updates_norm,100,3,3,3,0.04099832676373822,0.04998954368232019,20137.82837869131,76049.18226499573,2.0358861935242376e-06,9,9,1.0,0.3333333333333333,5.0805263425290837e-05
EfficientNet-B0_TinyImageNet,EfficientNet-B0_TinyImageNet_15.pkl,omega1_updates_norm,200,3,3,3,0.10973798257963814,0.02872238232221353,1789840.2042221616,7168454.245745207,6.131160889154832e-08,9,9,1.0,0.3333333333333333,5.0805263425290837e-05
EfficientNet-B0_TinyImageNet,EfficientNet-B0_TinyImageNet_15.pkl,omega2_updates_norm,200,3,3,3,0.02055880153029422,0.02493792469629735,13931.32963696122,53635.482312942404,1.475724289499952e-06,9,9,1.0,0.3333333333333333,5.0805263425290837e-05
EfficientNet-B0_TinyImageNet,EfficientNet-B0_TinyImageNet_15.pkl,omega1_updates_norm,500,3,3,3,0.08818539870111568,0.006695954784654131,1464938.4119487908,5874030.081816461,6.019734207378974e-08,9,9,1.0,0.3333333333333333,5.0805263425290837e-05
EfficientNet-B0_TinyImageNet,EfficientNet-B0_TinyImageNet_15.pkl,omega2_updates_norm,500,3,3,3,0.008243851306339641,0.009946291719239867,7510.606270209774,29295.56236395919,1.0976279423724055e-06,9,9,1.0,0.3333333333333333,5.0805263425290837e-05
NanoGPT_SlimPajama,NanoGPT_SlimPajama.pkl,omega1_updates_norm,1,3,3,1,9.088150585493791,10.757650828660967,15.62009117355027,16.255590860180916,0.5818244262801033,3,3,1.0,0.3333333333333333,0.03703703703703703
NanoGPT_SlimPajama,NanoGPT_SlimPajama.pkl,omega2_updates_norm,1,3,3,1,11.386477215105584,13.719226901975539,20.56465603731287,21.419767650842708,0.5536915956408783,3,3,1.0,0.3333333333333333,0.03703703703703703
NanoGPT_SlimPajama,NanoGPT_SlimPajama.pkl,omega1_updates_norm,10,3,3,1,2.804368431489334,2.933090007451403,4.47402385717502,4.190295488460391,0.6268112377165693,2,3,0.6666666666666666,0.3333333333333333,0.25925925925925924
NanoGPT_SlimPajama,NanoGPT_SlimPajama.pkl,omega2_updates_norm,10,3,3,1,1.7314837891325021,2.083197341793054,3.0091592563496157,3.162892542150156,0.5754045039254418,3,3,1.0,0.3333333333333333,0.03703703703703703
NanoGPT_SlimPajama,NanoGPT_SlimPajama.pkl,omega1_updates_norm,100,3,3,1,0.4511260890451392,0.37072751667418397,0.8731324754902046,0.6986149423625032,0.5166754206363273,3,3,1.0,0.3333333333333333,0.03703703703703703
NanoGPT_SlimPajama,NanoGPT_SlimPajama.pkl,omega2_updates_norm,100,3,3,1,0.18130695960707544,0.21511341726043112,0.3118356064671294,0.3249637031043062,0.581418400743749,3,3,1.0,0.3333333333333333,0.03703703703703703
NanoGPT_SlimPajama,NanoGPT_SlimPajama.pkl,omega1_updates_norm,200,3,3,1,0.2509223781430165,0.1838239837924194,0.502701898852116,0.379716236790399,0.4991474643640294,3,3,1.0,0.3333333333333333,0.03703703703703703
NanoGPT_SlimPajama,NanoGPT_SlimPajama.pkl,omega2_updates_norm,200,3,3,1,0.0907601945643567,0.10760688097729276,0.15608622634433963,0.16256020165626522,0.5814747187502113,3,3,1.0,0.3333333333333333,0.03703703703703703
NanoGPT_SlimPajama,NanoGPT_SlimPajama.pkl,omega1_updates_norm,500,3,3,1,0.12041687841550269,0.07083486933755483,0.23861539821563557,0.15846315448927922,0.5046483978652649,3,3,1.0,0.3333333333333333,0.03703703703703703
NanoGPT_SlimPajama,NanoGPT_SlimPajama.pkl,omega2_updates_norm,500,3,3,1,0.03632253403950776,0.04304878322185167,0.062463785255463894,0.065028186937683,0.5814974851580984,3,3,1.0,0.3333333333333333,0.03703703703703703
NanoGPT_WikiText,NanoGPT_WikiText.pkl,omega1_updates_norm,1,3,3,3,9.924686745870227,11.71750511093228,13.11415233110927,12.998914212893707,0.756792089590646,5,9,0.5555555555555556,0.3333333333333333,0.14484580602550426
NanoGPT_WikiText,NanoGPT_WikiText.pkl,omega2_updates_norm,1,3,3,3,11.627875008078009,14.063350684583215,15.59629328451915,15.014794742511272,0.7455537540846205,5,9,0.5555555555555556,0.3333333333333333,0.14484580602550426
NanoGPT_WikiText,NanoGPT_WikiText.pkl,omega1_updates_norm,10,3,3,3,3.579315599071417,3.699693325754366,4.642353416212233,4.07350053621158,0.7710131646960725,4,9,0.4444444444444444,0.3333333333333333,0.3496926281562771
NanoGPT_WikiText,NanoGPT_WikiText.pkl,omega2_updates_norm,10,3,3,3,1.846615857111883,2.2451770712047607,2.44989873808702,2.489716786449267,0.7537519116213739,5,9,0.5555555555555556,0.3333333333333333,0.14484580602550426
NanoGPT_WikiText,NanoGPT_WikiText.pkl,omega1_updates_norm,100,3,3,3,0.6750798381629357,0.4572862447443633,1.1974040406877824,0.6189860580489207,0.563786170101091,9,9,1.0,0.3333333333333333,5.0805263425290837e-05
NanoGPT_WikiText,NanoGPT_WikiText.pkl,omega2_updates_norm,100,3,3,3,0.19693903241511782,0.23493255466459653,0.25967788567829975,0.2608049825429048,0.758397396454061,5,9,0.5555555555555556,0.3333333333333333,0.14484580602550426
NanoGPT_WikiText,NanoGPT_WikiText.pkl,omega1_updates_norm,200,3,3,3,0.4202196549770204,0.2204132483618737,0.7974610876323304,0.3333710614860237,0.5269469087509419,9,9,1.0,0.3333333333333333,5.0805263425290837e-05
NanoGPT_WikiText,NanoGPT_WikiText.pkl,omega2_updates_norm,200,3,3,3,0.09865915344775117,0.11751292472942457,0.13029711197600208,0.1303938705316241,0.7571860339154874,5,9,0.5555555555555556,0.3333333333333333,0.14484580602550426
NanoGPT_WikiText,NanoGPT_WikiText.pkl,omega1_updates_norm,500,3,3,3,0.25560906712549875,0.07814250692895108,0.47574709642920343,0.15339285178196968,0.5372793003762163,9,9,1.0,0.3333333333333333,5.0805263425290837e-05
NanoGPT_WikiText,NanoGPT_WikiText.pkl,omega2_updates_norm,500,3,3,3,0.03951113624800155,0.04699593216797363,0.052270967673316654,0.05209511109038838,0.7558906598963012,5,9,0.5555555555555556,0.3333333333333333,0.14484580602550426
ResNet18_CIFAR-100,ResNet18_CIFAR-100.pkl,omega1_updates_norm,1,4,4,3,0.9673410480480585,1.0330101983230942,2.32634798276348,2.4508176976575573,0.41581958297526467,6,12,0.5,0.25,0.05440223217010498
ResNet18_CIFAR-100,ResNet18_CIFAR-100.pkl,omega2_updates_norm,1,4,4,3,1.236074674373094,1.3525851933405997,1.702253651175646,1.5857519713089683,0.7261401222546418,9,12,0.75,0.25,0.0003916621208190918
ResNet18_CIFAR-100,ResNet18_CIFAR-100.pkl,omega1_updates_norm,10,4,4,3,0.2718658826851991,0.22326520520419443,1.370589875336629,1.9174585671550053,0.19835684443417215,9,12,0.75,0.25,0.0003916621208190918
ResNet18_CIFAR-100,ResNet18_CIFAR-100.pkl,omega2_updates_norm,10,4,4,3,0.18142291573514704,0.20441557922719272,0.3394294942842838,0.3439274205612608,0.5344936689066836,6,12,0.5,0.25,0.05440223217010498
ResNet18_CIFAR-100,ResNet18_CIFAR-100.pkl,omega1_updates_norm,100,4,4,3,0.08167189744974555,0.031227128443534553,0.42887991521873764,0.5074341364677529,0.19043068829206233,9,12,0.75,0.25,0.0003916621208190918
ResNet18_CIFAR-100,ResNet18_CIFAR-100.pkl,omega2_updates_norm,100,4,4,3,0.018874462661366918,0.02073205754851453,0.044938733647344464,0.048723110681795884,0.4200043287708944,3,12,0.25,0.25,0.6093249917030334
ResNet18_CIFAR-100,ResNet18_CIFAR-100.pkl,omega1_updates_norm,200,4,4,3,0.06278776026300233,0.016199766179250584,0.26514648214287745,0.29413880240917795,0.23680404791932472,9,12,0.75,0.25,0.0003916621208190918
ResNet18_CIFAR-100,ResNet18_CIFAR-100.pkl,omega2_updates_norm,200,4,4,3,0.009527262399845074,0.010363221008101987,0.022930025976539793,0.024504275644892406,0.41549287425982956,4,12,0.3333333333333333,0.25,0.35122138261795044
ResNet18_CIFAR-100,ResNet18_CIFAR-100.pkl,omega1_updates_norm,500,4,4,3,0.0496115344783827,0.006021316583355974,0.13538764839431117,0.12330614639398726,0.3664406248780618,9,12,0.75,0.25,0.0003916621208190918
ResNet18_CIFAR-100,ResNet18_CIFAR-100.pkl,omega2_updates_norm,500,4,4,3,0.003851251851726117,0.0041385075917996506,0.009280472858818403,0.009808864392320905,0.414984442098402,6,12,0.5,0.25,0.05440223217010498
T5_SQuAD,T5_SQuAD.pkl,omega1_updates_norm,1,3,3,3,15.109829580959879,20.56398657314958,9.83886198902871,6.9931573237733895,1.5357293961241465,6,9,0.6666666666666666,0.3333333333333333,0.04242239496011786
T5_SQuAD,T5_SQuAD.pkl,omega2_updates_norm,1,3,3,3,19.953754302454932,27.321037892770814,8.990779685178405,10.437748768341393,2.2193574974759254,6,9,0.6666666666666666,0.3333333333333333,0.04242239496011786
T5_SQuAD,T5_SQuAD.pkl,omega1_updates_norm,10,3,3,3,2.458901958083026,3.2139562012766225,5.076920904493229,4.872200839511453,0.4843293808077299,6,9,0.6666666666666666,0.3333333333333333,0.04242239496011786
T5_SQuAD,T5_SQuAD.pkl,omega2_updates_norm,10,3,3,3,2.9957454951877844,4.0841160932650835,1.5177583583637282,1.2605016576138954,1.973796078064397,6,9,0.6666666666666666,0.3333333333333333,0.04242239496011786
T5_SQuAD,T5_SQuAD.pkl,omega1_updates_norm,100,3,3,3,0.2887406342640847,0.3397456537497082,1.468899392204794,1.0206223495550821,0.19656937418340797,6,9,0.6666666666666666,0.3333333333333333,0.04242239496011786
T5_SQuAD,T5_SQuAD.pkl,omega2_updates_norm,100,3,3,3,0.3020199916013295,0.4113554795497013,0.19106936719597395,0.14308434902464953,1.5806824298086302,6,9,0.6666666666666666,0.3333333333333333,0.04242239496011786
T5_SQuAD,T5_SQuAD.pkl,omega1_updates_norm,200,3,3,3,0.15446681060594558,0.16972268784946742,0.8534784452068767,0.5746324244605874,0.18098501663800542,7,9,0.7777777777777778,0.3333333333333333,0.00828125793832241
T5_SQuAD,T5_SQuAD.pkl,omega2_updates_norm,200,3,3,3,0.15102778186144877,0.20568074326359925,0.09727251179413945,0.07065140757040503,1.5526254958962415,6,9,0.6666666666666666,0.3333333333333333,0.04242239496011786
T5_SQuAD,T5_SQuAD.pkl,omega1_updates_norm,500,3,3,3,0.07010177853137524,0.06753124668242644,0.37777569718503057,0.24436733769244345,0.18556455339433897,7,9,0.7777777777777778,0.3333333333333333,0.00828125793832241
T5_SQuAD,T5_SQuAD.pkl,omega2_updates_norm,500,3,3,3,0.06041550763429574,0.08226958207270849,0.03924722051600678,0.02804685020626681,1.539357611570368,6,9,0.6666666666666666,0.3333333333333333,0.04242239496011786
T5_SQuAD,T5_SQuAD_10.pkl,omega1_updates_norm,1,3,3,3,7.651704075766627,10.012566672578789,7.337175496573331,5.297810611552102,1.04286780101419,6,9,0.6666666666666666,0.3333333333333333,0.04242239496011786
T5_SQuAD,T5_SQuAD_10.pkl,omega2_updates_norm,1,3,3,3,10.695689424250785,14.341978724414222,8.365407807907495,10.191249444384015,1.2785616278193355,5,9,0.5555555555555556,0.3333333333333333,0.14484580602550426
T5_SQuAD,T5_SQuAD_10.pkl,omega1_updates_norm,10,3,3,3,1.3605015271878895,1.581203525384052,3.213882438670561,2.0303457488276306,0.42332025304281756,6,9,0.6666666666666666,0.3333333333333333,0.04242239496011786
T5_SQuAD,T5_SQuAD_10.pkl,omega2_updates_norm,10,3,3,3,1.5071030492497022,1.9970471268220722,1.2139569761244682,1.1103010276468754,1.2414797879090382,6,9,0.6666666666666666,0.3333333333333333,0.04242239496011786
T5_SQuAD,T5_SQuAD_10.pkl,omega1_updates_norm,100,3,3,3,0.24539844452871065,0.18179699032076416,1.06641537689979,0.6792837335536352,0.23011525325348953,9,9,1.0,0.3333333333333333,5.0805263425290837e-05
T5_SQuAD,T5_SQuAD_10.pkl,omega2_updates_norm,100,3,3,3,0.15215225343418853,0.20082594266378098,0.14276889368195303,0.10843159248557445,1.065724118960667,6,9,0.6666666666666666,0.3333333333333333,0.04242239496011786
T5_SQuAD,T5_SQuAD_10.pkl,omega1_updates_norm,200,3,3,3,0.1623427643856558,0.09074677542894295,0.6848437131195126,0.4359070632490183,0.2370508209036085,9,9,1.0,0.3333333333333333,5.0805263425290837e-05
T5_SQuAD,T5_SQuAD_10.pkl,omega2_updates_norm,200,3,3,3,0.07612308949644425,0.10036764083371265,0.07241858783904681,0.05364367100133007,1.0511540167785491,6,9,0.6666666666666666,0.3333333333333333,0.04242239496011786
T5_SQuAD,T5_SQuAD_10.pkl,omega1_updates_norm,500,3,3,3,0.1065763385093873,0.03540412762044417,0.37130756253118014,0.22720254592098169,0.2870298083423434,9,9,1.0,0.3333333333333333,5.0805263425290837e-05
T5_SQuAD,T5_SQuAD_10.pkl,omega2_updates_norm,500,3,3,3,0.0304652655838645,0.04012948723824895,0.029209345366828912,0.02128397727283372,1.0429972052185001,6,9,0.6666666666666666,0.3333333333333333,0.04242239496011786
ViT-B_16_CIFAR-100,ViT-B_16_CIFAR-100.pkl,omega1_updates_norm,1,3,3,3,7.868244236780847,9.010119826953497,142.90463067761786,280.1158681787259,0.05505940709878756,4,4,1.0,0.3333333333333333,0.012345679012345677
ViT-B_16_CIFAR-100,ViT-B_16_CIFAR-100.pkl,omega2_updates_norm,1,3,3,3,10.618392487820977,13.231930733561803,74.79456314541522,140.89336459697066,0.14196743775582657,4,4,1.0,0.3333333333333333,0.012345679012345677
ViT-B_16_CIFAR-100,ViT-B_16_CIFAR-100.pkl,omega1_updates_norm,10,3,3,3,2.317956410733436,1.9127161614643353,118.62667358418133,253.21205547353551,0.019539925892708598,4,4,1.0,0.3333333333333333,0.012345679012345677
ViT-B_16_CIFAR-100,ViT-B_16_CIFAR-100.pkl,omega2_updates_norm,10,3,3,3,1.473286953986821,1.7886049029831708,11.30322708943109,22.73908857350716,0.13034215293828746,4,4,1.0,0.3333333333333333,0.012345679012345677
ViT-B_16_CIFAR-100,ViT-B_16_CIFAR-100.pkl,omega1_updates_norm,100,3,3,3,0.830302103911269,0.17480753189607776,94.85754390818693,199.13426661169157,0.00875314782253821,4,4,1.0,0.3333333333333333,0.012345679012345677
ViT-B_16_CIFAR-100,ViT-B_16_CIFAR-100.pkl,omega2_updates_norm,100,3,3,3,0.15373130551621525,0.18072713632607984,1.69020063571249,4.022468012602451,0.09095447147989688,4,4,1.0,0.3333333333333333,0.012345679012345677
ViT-B_16_CIFAR-100,ViT-B_16_CIFAR-100.pkl,omega1_updates_norm,200,3,3,3,0.7222450311023187,0.06001430059887368,81.86113194701119,168.13662886788364,0.008822807771212214,4,4,1.0,0.3333333333333333,0.012345679012345677
ViT-B_16_CIFAR-100,ViT-B_16_CIFAR-100.pkl,omega2_updates_norm,200,3,3,3,0.0772355638111939,0.09007777847098514,0.9673420894733906,2.31802945846395,0.07984307170304149,4,4,1.0,0.3333333333333333,0.012345679012345677
ViT-B_16_CIFAR-100,ViT-B_16_CIFAR-100.pkl,omega1_updates_norm,500,3,3,3,0.6546204802427092,0.012488639445485738,66.22768531386299,137.10131709388833,0.009884393167908014,4,4,1.0,0.3333333333333333,0.012345679012345677
ViT-B_16_CIFAR-100,ViT-B_16_CIFAR-100.pkl,omega2_updates_norm,500,3,3,3,0.03104791291434795,0.03592464840856023,0.45136679343618435,1.0278241136289914,0.06878643570118456,4,4,1.0,0.3333333333333333,0.012345679012345677
